platform,mode,payload_size_kb,request_type,run_id,latency_ms
m1_dockerdesktop,process,1,cold_start,0,1842.967
m1_dockerdesktop,process,1,cold_start,1,2652.509
m1_dockerdesktop,process,1,cold_start,2,1842.668
m1_dockerdesktop,process,1,cold_start,3,1815.237
m1_dockerdesktop,process,1,cold_start,4,1814.937
m1_dockerdesktop,process,1,cold_start,5,1756.369
m1_dockerdesktop,process,1,cold_start,6,1849.969
m1_dockerdesktop,process,1,cold_start,7,1832.416
m1_dockerdesktop,process,1,cold_start,8,1763.154
m1_dockerdesktop,process,1,cold_start,9,1774.614
m1_dockerdesktop,process,1,cold_start,10,1839.753
m1_dockerdesktop,process,1,cold_start,11,1844.489
m1_dockerdesktop,process,1,cold_start,12,1788.543
m1_dockerdesktop,process,1,cold_start,13,1602.331
m1_dockerdesktop,process,1,cold_start,14,1789.832
m1_dockerdesktop,process,1,cold_start,15,1846.372
m1_dockerdesktop,process,1,cold_start,16,1757.202
m1_dockerdesktop,process,1,cold_start,17,1822.565
m1_dockerdesktop,process,1,cold_start,18,1844.243
m1_dockerdesktop,process,1,cold_start,19,2247.757
m1_dockerdesktop,process,1,cold_start,20,2245.822
m1_dockerdesktop,process,1,cold_start,21,2298.845
m1_dockerdesktop,process,1,cold_start,22,2241.063
m1_dockerdesktop,process,1,cold_start,23,2265.493
m1_dockerdesktop,process,1,cold_start,24,2300.761
m1_dockerdesktop,process,1,cold_start,25,1796.126
m1_dockerdesktop,process,1,cold_start,26,2302.594
m1_dockerdesktop,process,1,cold_start,27,2252.805
m1_dockerdesktop,process,1,cold_start,28,2244.903
m1_dockerdesktop,process,1,cold_start,29,2242.938
m1_dockerdesktop,process,1,warm,0,3.333
m1_dockerdesktop,process,1,warm,1,5.246
m1_dockerdesktop,process,1,warm,2,86.022
m1_dockerdesktop,process,1,warm,3,13.692
m1_dockerdesktop,process,1,warm,4,91.104
m1_dockerdesktop,process,1,warm,5,93.573
m1_dockerdesktop,process,1,warm,6,6.882
m1_dockerdesktop,process,1,warm,7,15.999
m1_dockerdesktop,process,1,warm,8,6.333
m1_dockerdesktop,process,1,warm,9,5.513
m1_dockerdesktop,process,1,warm,10,9.197
m1_dockerdesktop,process,1,warm,11,128.592
m1_dockerdesktop,process,1,warm,12,8.598
m1_dockerdesktop,process,1,warm,13,3.124
m1_dockerdesktop,process,1,warm,14,4.515
m1_dockerdesktop,process,1,warm,15,3.49
m1_dockerdesktop,process,1,warm,16,5.569
m1_dockerdesktop,process,1,warm,17,10.27
m1_dockerdesktop,process,1,warm,18,54.194
m1_dockerdesktop,process,1,warm,19,93.147
m1_dockerdesktop,process,1,warm,20,7.508
m1_dockerdesktop,process,1,warm,21,5.747
m1_dockerdesktop,process,1,warm,22,12.831
m1_dockerdesktop,process,1,warm,23,22.562
m1_dockerdesktop,process,1,warm,24,97.324
m1_dockerdesktop,process,1,warm,25,30.998
m1_dockerdesktop,process,1,warm,26,84.557
m1_dockerdesktop,process,1,warm,27,102.396
m1_dockerdesktop,process,1,warm,28,112.526
m1_dockerdesktop,process,1,warm,29,84.665
m1_dockerdesktop,process,1,warm,30,7.579
m1_dockerdesktop,process,1,warm,31,3.556
m1_dockerdesktop,process,1,warm,32,7.105
m1_dockerdesktop,process,1,warm,33,44.575
m1_dockerdesktop,process,1,warm,34,36.78
m1_dockerdesktop,process,1,warm,35,69.587
m1_dockerdesktop,process,1,warm,36,145.821
m1_dockerdesktop,process,1,warm,37,76.955
m1_dockerdesktop,process,1,warm,38,13.567
m1_dockerdesktop,process,1,warm,39,147.706
m1_dockerdesktop,process,1,warm,40,90.142
m1_dockerdesktop,process,1,warm,41,18.37
m1_dockerdesktop,process,1,warm,42,5.442
m1_dockerdesktop,process,1,warm,43,3.174
m1_dockerdesktop,process,1,warm,44,148.556
m1_dockerdesktop,process,1,warm,45,6.404
m1_dockerdesktop,process,1,warm,46,3.193
m1_dockerdesktop,process,1,warm,47,4.672
m1_dockerdesktop,process,1,warm,48,3.018
m1_dockerdesktop,process,1,warm,49,13.114
m1_dockerdesktop,process,1,warm,50,107.455
m1_dockerdesktop,process,1,warm,51,49.462
m1_dockerdesktop,process,1,warm,52,17.724
m1_dockerdesktop,process,1,warm,53,31.751
m1_dockerdesktop,process,1,warm,54,34.74
m1_dockerdesktop,process,1,warm,55,72.304
m1_dockerdesktop,process,1,warm,56,51.74
m1_dockerdesktop,process,1,warm,57,77.575
m1_dockerdesktop,process,1,warm,58,91.301
m1_dockerdesktop,process,1,warm,59,19.124
m1_dockerdesktop,process,1,warm,60,86.438
m1_dockerdesktop,process,1,warm,61,125.554
m1_dockerdesktop,process,1,warm,62,7.9
m1_dockerdesktop,process,1,warm,63,3.958
m1_dockerdesktop,process,1,warm,64,4.265
m1_dockerdesktop,process,1,warm,65,79.786
m1_dockerdesktop,process,1,warm,66,14.172
m1_dockerdesktop,process,1,warm,67,109.02
m1_dockerdesktop,process,1,warm,68,100.247
m1_dockerdesktop,process,1,warm,69,7.517
m1_dockerdesktop,process,1,warm,70,5.882
m1_dockerdesktop,process,1,warm,71,13.395
m1_dockerdesktop,process,1,warm,72,125.606
m1_dockerdesktop,process,1,warm,73,9.355
m1_dockerdesktop,process,1,warm,74,2.869
m1_dockerdesktop,process,1,warm,75,161.615
m1_dockerdesktop,process,1,warm,76,66.021
m1_dockerdesktop,process,1,warm,77,9.376
m1_dockerdesktop,process,1,warm,78,5.728
m1_dockerdesktop,process,1,warm,79,3.313
m1_dockerdesktop,process,1,warm,80,6.909
m1_dockerdesktop,process,1,warm,81,6.034
m1_dockerdesktop,process,1,warm,82,6.618
m1_dockerdesktop,process,1,warm,83,4.605
m1_dockerdesktop,process,1,warm,84,163.96
m1_dockerdesktop,process,1,warm,85,25.894
m1_dockerdesktop,process,1,warm,86,97.445
m1_dockerdesktop,process,1,warm,87,113.858
m1_dockerdesktop,process,1,warm,88,15.694
m1_dockerdesktop,process,1,warm,89,35.636
m1_dockerdesktop,process,1,warm,90,160.175
m1_dockerdesktop,process,1,warm,91,14.657
m1_dockerdesktop,process,1,warm,92,2.966
m1_dockerdesktop,process,1,warm,93,4.766
m1_dockerdesktop,process,1,warm,94,3.98
m1_dockerdesktop,process,1,warm,95,79.861
m1_dockerdesktop,process,1,warm,96,54.899
m1_dockerdesktop,process,1,warm,97,14.055
m1_dockerdesktop,process,1,warm,98,3.008
m1_dockerdesktop,process,1,warm,99,13.931
m1_dockerdesktop,process,10,cold_start,0,2246.692
m1_dockerdesktop,process,10,cold_start,1,2244.732
m1_dockerdesktop,process,10,cold_start,2,2243.543
m1_dockerdesktop,process,10,cold_start,3,2301.219
m1_dockerdesktop,process,10,cold_start,4,2241.603
m1_dockerdesktop,process,10,cold_start,5,1801.414
m1_dockerdesktop,process,10,cold_start,6,1827.449
m1_dockerdesktop,process,10,cold_start,7,1783.218
m1_dockerdesktop,process,10,cold_start,8,1772.454
m1_dockerdesktop,process,10,cold_start,9,2240.511
m1_dockerdesktop,process,10,cold_start,10,1803.306
m1_dockerdesktop,process,10,cold_start,11,1802.083
m1_dockerdesktop,process,10,cold_start,12,1792.499
m1_dockerdesktop,process,10,cold_start,13,2244.767
m1_dockerdesktop,process,10,cold_start,14,1807.312
m1_dockerdesktop,process,10,cold_start,15,1853.301
m1_dockerdesktop,process,10,cold_start,16,2242.72
m1_dockerdesktop,process,10,cold_start,17,1777.678
m1_dockerdesktop,process,10,cold_start,18,2278.069
m1_dockerdesktop,process,10,cold_start,19,2247.693
m1_dockerdesktop,process,10,cold_start,20,1842.939
m1_dockerdesktop,process,10,cold_start,21,2247.896
m1_dockerdesktop,process,10,cold_start,22,2302.489
m1_dockerdesktop,process,10,cold_start,23,2293.226
m1_dockerdesktop,process,10,cold_start,24,2245.339
m1_dockerdesktop,process,10,cold_start,25,2300.103
m1_dockerdesktop,process,10,cold_start,26,2268.096
m1_dockerdesktop,process,10,cold_start,27,2251.859
m1_dockerdesktop,process,10,cold_start,28,2263.043
m1_dockerdesktop,process,10,cold_start,29,1835.696
m1_dockerdesktop,process,10,warm,0,3.391
m1_dockerdesktop,process,10,warm,1,7.918
m1_dockerdesktop,process,10,warm,2,8.549
m1_dockerdesktop,process,10,warm,3,4.404
m1_dockerdesktop,process,10,warm,4,3.141
m1_dockerdesktop,process,10,warm,5,5.759
m1_dockerdesktop,process,10,warm,6,2.87
m1_dockerdesktop,process,10,warm,7,5.342
m1_dockerdesktop,process,10,warm,8,2.917
m1_dockerdesktop,process,10,warm,9,5.914
m1_dockerdesktop,process,10,warm,10,5.725
m1_dockerdesktop,process,10,warm,11,2.934
m1_dockerdesktop,process,10,warm,12,4.627
m1_dockerdesktop,process,10,warm,13,3.259
m1_dockerdesktop,process,10,warm,14,4.667
m1_dockerdesktop,process,10,warm,15,11.205
m1_dockerdesktop,process,10,warm,16,6.022
m1_dockerdesktop,process,10,warm,17,3.447
m1_dockerdesktop,process,10,warm,18,6.717
m1_dockerdesktop,process,10,warm,19,4.843
m1_dockerdesktop,process,10,warm,20,4.732
m1_dockerdesktop,process,10,warm,21,4.849
m1_dockerdesktop,process,10,warm,22,2.75
m1_dockerdesktop,process,10,warm,23,4.817
m1_dockerdesktop,process,10,warm,24,2.755
m1_dockerdesktop,process,10,warm,25,2.581
m1_dockerdesktop,process,10,warm,26,6.66
m1_dockerdesktop,process,10,warm,27,3.237
m1_dockerdesktop,process,10,warm,28,2.893
m1_dockerdesktop,process,10,warm,29,5.334
m1_dockerdesktop,process,10,warm,30,2.841
m1_dockerdesktop,process,10,warm,31,2.722
m1_dockerdesktop,process,10,warm,32,3.091
m1_dockerdesktop,process,10,warm,33,2.776
m1_dockerdesktop,process,10,warm,34,2.817
m1_dockerdesktop,process,10,warm,35,3.851
m1_dockerdesktop,process,10,warm,36,2.989
m1_dockerdesktop,process,10,warm,37,3.124
m1_dockerdesktop,process,10,warm,38,2.744
m1_dockerdesktop,process,10,warm,39,2.643
m1_dockerdesktop,process,10,warm,40,4.571
m1_dockerdesktop,process,10,warm,41,2.609
m1_dockerdesktop,process,10,warm,42,3.103
m1_dockerdesktop,process,10,warm,43,3.326
m1_dockerdesktop,process,10,warm,44,2.709
m1_dockerdesktop,process,10,warm,45,6.742
m1_dockerdesktop,process,10,warm,46,4.32
m1_dockerdesktop,process,10,warm,47,2.872
m1_dockerdesktop,process,10,warm,48,2.547
m1_dockerdesktop,process,10,warm,49,13.563
m1_dockerdesktop,process,10,warm,50,3.329
m1_dockerdesktop,process,10,warm,51,4.698
m1_dockerdesktop,process,10,warm,52,2.941
m1_dockerdesktop,process,10,warm,53,7.051
m1_dockerdesktop,process,10,warm,54,4.676
m1_dockerdesktop,process,10,warm,55,4.0
m1_dockerdesktop,process,10,warm,56,5.412
m1_dockerdesktop,process,10,warm,57,3.018
m1_dockerdesktop,process,10,warm,58,7.88
m1_dockerdesktop,process,10,warm,59,5.511
m1_dockerdesktop,process,10,warm,60,5.273
m1_dockerdesktop,process,10,warm,61,3.115
m1_dockerdesktop,process,10,warm,62,2.704
m1_dockerdesktop,process,10,warm,63,5.935
m1_dockerdesktop,process,10,warm,64,5.451
m1_dockerdesktop,process,10,warm,65,3.849
m1_dockerdesktop,process,10,warm,66,5.018
m1_dockerdesktop,process,10,warm,67,2.912
m1_dockerdesktop,process,10,warm,68,29.491
m1_dockerdesktop,process,10,warm,69,66.764
m1_dockerdesktop,process,10,warm,70,136.205
m1_dockerdesktop,process,10,warm,71,5.047
m1_dockerdesktop,process,10,warm,72,26.671
m1_dockerdesktop,process,10,warm,73,206.252
m1_dockerdesktop,process,10,warm,74,14.394
m1_dockerdesktop,process,10,warm,75,170.198
m1_dockerdesktop,process,10,warm,76,92.609
m1_dockerdesktop,process,10,warm,77,15.494
m1_dockerdesktop,process,10,warm,78,9.732
m1_dockerdesktop,process,10,warm,79,90.761
m1_dockerdesktop,process,10,warm,80,150.203
m1_dockerdesktop,process,10,warm,81,20.809
m1_dockerdesktop,process,10,warm,82,6.605
m1_dockerdesktop,process,10,warm,83,7.34
m1_dockerdesktop,process,10,warm,84,113.55
m1_dockerdesktop,process,10,warm,85,17.77
m1_dockerdesktop,process,10,warm,86,14.289
m1_dockerdesktop,process,10,warm,87,3.076
m1_dockerdesktop,process,10,warm,88,4.166
m1_dockerdesktop,process,10,warm,89,3.028
m1_dockerdesktop,process,10,warm,90,4.977
m1_dockerdesktop,process,10,warm,91,2.675
m1_dockerdesktop,process,10,warm,92,64.943
m1_dockerdesktop,process,10,warm,93,129.256
m1_dockerdesktop,process,10,warm,94,22.716
m1_dockerdesktop,process,10,warm,95,139.932
m1_dockerdesktop,process,10,warm,96,8.088
m1_dockerdesktop,process,10,warm,97,4.543
m1_dockerdesktop,process,10,warm,98,5.694
m1_dockerdesktop,process,10,warm,99,5.548
m1_dockerdesktop,process,100,cold_start,0,2305.039
m1_dockerdesktop,process,100,cold_start,1,1767.145
m1_dockerdesktop,process,100,cold_start,2,1814.026
m1_dockerdesktop,process,100,cold_start,3,2249.944
m1_dockerdesktop,process,100,cold_start,4,1804.52
m1_dockerdesktop,process,100,cold_start,5,2254.888
m1_dockerdesktop,process,100,cold_start,6,2301.11
m1_dockerdesktop,process,100,cold_start,7,2233.909
m1_dockerdesktop,process,100,cold_start,8,2248.169
m1_dockerdesktop,process,100,cold_start,9,2235.362
m1_dockerdesktop,process,100,cold_start,10,2255.037
m1_dockerdesktop,process,100,cold_start,11,2315.607
m1_dockerdesktop,process,100,cold_start,12,2241.635
m1_dockerdesktop,process,100,cold_start,13,2296.806
m1_dockerdesktop,process,100,cold_start,14,2252.868
m1_dockerdesktop,process,100,cold_start,15,1781.58
m1_dockerdesktop,process,100,cold_start,16,2300.734
m1_dockerdesktop,process,100,cold_start,17,2239.312
m1_dockerdesktop,process,100,cold_start,18,2558.28
m1_dockerdesktop,process,100,cold_start,19,2891.574
m1_dockerdesktop,process,100,cold_start,20,2410.951
m1_dockerdesktop,process,100,cold_start,21,2296.669
m1_dockerdesktop,process,100,cold_start,22,2409.985
m1_dockerdesktop,process,100,cold_start,23,2306.213
m1_dockerdesktop,process,100,cold_start,24,2487.294
m1_dockerdesktop,process,100,cold_start,25,2311.985
m1_dockerdesktop,process,100,cold_start,26,2353.527
m1_dockerdesktop,process,100,cold_start,27,2316.276
m1_dockerdesktop,process,100,cold_start,28,2315.749
m1_dockerdesktop,process,100,cold_start,29,2297.504
m1_dockerdesktop,process,100,warm,0,3.596
m1_dockerdesktop,process,100,warm,1,6.207
m1_dockerdesktop,process,100,warm,2,40.979
m1_dockerdesktop,process,100,warm,3,4.78
m1_dockerdesktop,process,100,warm,4,33.799
m1_dockerdesktop,process,100,warm,5,15.512
m1_dockerdesktop,process,100,warm,6,10.057
m1_dockerdesktop,process,100,warm,7,8.161
m1_dockerdesktop,process,100,warm,8,8.136
m1_dockerdesktop,process,100,warm,9,16.012
m1_dockerdesktop,process,100,warm,10,12.458
m1_dockerdesktop,process,100,warm,11,13.531
m1_dockerdesktop,process,100,warm,12,177.33
m1_dockerdesktop,process,100,warm,13,69.159
m1_dockerdesktop,process,100,warm,14,101.316
m1_dockerdesktop,process,100,warm,15,76.495
m1_dockerdesktop,process,100,warm,16,27.489
m1_dockerdesktop,process,100,warm,17,12.275
m1_dockerdesktop,process,100,warm,18,44.813
m1_dockerdesktop,process,100,warm,19,29.203
m1_dockerdesktop,process,100,warm,20,37.785
m1_dockerdesktop,process,100,warm,21,9.446
m1_dockerdesktop,process,100,warm,22,19.581
m1_dockerdesktop,process,100,warm,23,40.125
m1_dockerdesktop,process,100,warm,24,168.512
m1_dockerdesktop,process,100,warm,25,137.326
m1_dockerdesktop,process,100,warm,26,48.143
m1_dockerdesktop,process,100,warm,27,19.399
m1_dockerdesktop,process,100,warm,28,97.196
m1_dockerdesktop,process,100,warm,29,89.083
m1_dockerdesktop,process,100,warm,30,64.564
m1_dockerdesktop,process,100,warm,31,89.021
m1_dockerdesktop,process,100,warm,32,146.447
m1_dockerdesktop,process,100,warm,33,65.38
m1_dockerdesktop,process,100,warm,34,80.047
m1_dockerdesktop,process,100,warm,35,11.374
m1_dockerdesktop,process,100,warm,36,81.249
m1_dockerdesktop,process,100,warm,37,103.484
m1_dockerdesktop,process,100,warm,38,63.839
m1_dockerdesktop,process,100,warm,39,131.195
m1_dockerdesktop,process,100,warm,40,33.534
m1_dockerdesktop,process,100,warm,41,111.186
m1_dockerdesktop,process,100,warm,42,59.252
m1_dockerdesktop,process,100,warm,43,46.723
m1_dockerdesktop,process,100,warm,44,76.671
m1_dockerdesktop,process,100,warm,45,48.27
m1_dockerdesktop,process,100,warm,46,58.6
m1_dockerdesktop,process,100,warm,47,174.064
m1_dockerdesktop,process,100,warm,48,63.807
m1_dockerdesktop,process,100,warm,49,10.649
m1_dockerdesktop,process,100,warm,50,24.798
m1_dockerdesktop,process,100,warm,51,122.242
m1_dockerdesktop,process,100,warm,52,69.977
m1_dockerdesktop,process,100,warm,53,45.033
m1_dockerdesktop,process,100,warm,54,7.59
m1_dockerdesktop,process,100,warm,55,15.021
m1_dockerdesktop,process,100,warm,56,98.583
m1_dockerdesktop,process,100,warm,57,10.308
m1_dockerdesktop,process,100,warm,58,2.878
m1_dockerdesktop,process,100,warm,59,3.903
m1_dockerdesktop,process,100,warm,60,30.464
m1_dockerdesktop,process,100,warm,61,77.193
m1_dockerdesktop,process,100,warm,62,124.901
m1_dockerdesktop,process,100,warm,63,57.433
m1_dockerdesktop,process,100,warm,64,90.165
m1_dockerdesktop,process,100,warm,65,126.264
m1_dockerdesktop,process,100,warm,66,90.84
m1_dockerdesktop,process,100,warm,67,86.36
m1_dockerdesktop,process,100,warm,68,12.696
m1_dockerdesktop,process,100,warm,69,51.019
m1_dockerdesktop,process,100,warm,70,116.34
m1_dockerdesktop,process,100,warm,71,97.64
m1_dockerdesktop,process,100,warm,72,6.858
m1_dockerdesktop,process,100,warm,73,14.073
m1_dockerdesktop,process,100,warm,74,17.611
m1_dockerdesktop,process,100,warm,75,79.915
m1_dockerdesktop,process,100,warm,76,132.864
m1_dockerdesktop,process,100,warm,77,5.34
m1_dockerdesktop,process,100,warm,78,3.749
m1_dockerdesktop,process,100,warm,79,4.205
m1_dockerdesktop,process,100,warm,80,3.618
m1_dockerdesktop,process,100,warm,81,106.625
m1_dockerdesktop,process,100,warm,82,35.58
m1_dockerdesktop,process,100,warm,83,30.937
m1_dockerdesktop,process,100,warm,84,113.907
m1_dockerdesktop,process,100,warm,85,22.535
m1_dockerdesktop,process,100,warm,86,94.06
m1_dockerdesktop,process,100,warm,87,47.385
m1_dockerdesktop,process,100,warm,88,114.175
m1_dockerdesktop,process,100,warm,89,9.423
m1_dockerdesktop,process,100,warm,90,42.226
m1_dockerdesktop,process,100,warm,91,87.774
m1_dockerdesktop,process,100,warm,92,107.706
m1_dockerdesktop,process,100,warm,93,67.934
m1_dockerdesktop,process,100,warm,94,12.719
m1_dockerdesktop,process,100,warm,95,5.04
m1_dockerdesktop,process,100,warm,96,91.057
m1_dockerdesktop,process,100,warm,97,40.608
m1_dockerdesktop,process,100,warm,98,183.344
m1_dockerdesktop,process,100,warm,99,76.111
m1_dockerdesktop,process,1024,cold_start,0,2261.633
m1_dockerdesktop,process,1024,cold_start,1,2309.569
m1_dockerdesktop,process,1024,cold_start,2,2272.282
m1_dockerdesktop,process,1024,cold_start,3,1841.243
m1_dockerdesktop,process,1024,cold_start,4,2255.485
m1_dockerdesktop,process,1024,cold_start,5,1787.377
m1_dockerdesktop,process,1024,cold_start,6,2245.857
m1_dockerdesktop,process,1024,cold_start,7,1790.275
m1_dockerdesktop,process,1024,cold_start,8,1796.38
m1_dockerdesktop,process,1024,cold_start,9,2249.202
m1_dockerdesktop,process,1024,cold_start,10,1823.719
m1_dockerdesktop,process,1024,cold_start,11,1786.859
m1_dockerdesktop,process,1024,cold_start,12,1766.155
m1_dockerdesktop,process,1024,cold_start,13,1769.533
m1_dockerdesktop,process,1024,cold_start,14,1774.627
m1_dockerdesktop,process,1024,cold_start,15,1764.068
m1_dockerdesktop,process,1024,cold_start,16,1794.995
m1_dockerdesktop,process,1024,cold_start,17,1785.235
m1_dockerdesktop,process,1024,cold_start,18,1802.998
m1_dockerdesktop,process,1024,cold_start,19,1783.339
m1_dockerdesktop,process,1024,cold_start,20,2231.822
m1_dockerdesktop,process,1024,cold_start,21,1785.763
m1_dockerdesktop,process,1024,cold_start,22,1766.138
m1_dockerdesktop,process,1024,cold_start,23,1774.772
m1_dockerdesktop,process,1024,cold_start,24,1797.511
m1_dockerdesktop,process,1024,cold_start,25,1763.693
m1_dockerdesktop,process,1024,cold_start,26,1761.772
m1_dockerdesktop,process,1024,cold_start,27,1788.672
m1_dockerdesktop,process,1024,cold_start,28,1782.784
m1_dockerdesktop,process,1024,cold_start,29,2249.708
m1_dockerdesktop,process,1024,warm,0,6.315
m1_dockerdesktop,process,1024,warm,1,6.913
m1_dockerdesktop,process,1024,warm,2,9.544
m1_dockerdesktop,process,1024,warm,3,4.093
m1_dockerdesktop,process,1024,warm,4,6.744
m1_dockerdesktop,process,1024,warm,5,21.419
m1_dockerdesktop,process,1024,warm,6,74.313
m1_dockerdesktop,process,1024,warm,7,84.132
m1_dockerdesktop,process,1024,warm,8,21.997
m1_dockerdesktop,process,1024,warm,9,68.532
m1_dockerdesktop,process,1024,warm,10,69.369
m1_dockerdesktop,process,1024,warm,11,128.756
m1_dockerdesktop,process,1024,warm,12,8.845
m1_dockerdesktop,process,1024,warm,13,4.794
m1_dockerdesktop,process,1024,warm,14,66.277
m1_dockerdesktop,process,1024,warm,15,96.81
m1_dockerdesktop,process,1024,warm,16,73.218
m1_dockerdesktop,process,1024,warm,17,94.752
m1_dockerdesktop,process,1024,warm,18,169.38
m1_dockerdesktop,process,1024,warm,19,13.084
m1_dockerdesktop,process,1024,warm,20,55.813
m1_dockerdesktop,process,1024,warm,21,26.974
m1_dockerdesktop,process,1024,warm,22,23.954
m1_dockerdesktop,process,1024,warm,23,28.455
m1_dockerdesktop,process,1024,warm,24,77.115
m1_dockerdesktop,process,1024,warm,25,168.128
m1_dockerdesktop,process,1024,warm,26,119.245
m1_dockerdesktop,process,1024,warm,27,12.811
m1_dockerdesktop,process,1024,warm,28,83.132
m1_dockerdesktop,process,1024,warm,29,158.1
m1_dockerdesktop,process,1024,warm,30,26.448
m1_dockerdesktop,process,1024,warm,31,165.793
m1_dockerdesktop,process,1024,warm,32,6.688
m1_dockerdesktop,process,1024,warm,33,6.999
m1_dockerdesktop,process,1024,warm,34,3.401
m1_dockerdesktop,process,1024,warm,35,3.67
m1_dockerdesktop,process,1024,warm,36,3.785
m1_dockerdesktop,process,1024,warm,37,3.841
m1_dockerdesktop,process,1024,warm,38,3.576
m1_dockerdesktop,process,1024,warm,39,4.227
m1_dockerdesktop,process,1024,warm,40,12.993
m1_dockerdesktop,process,1024,warm,41,126.873
m1_dockerdesktop,process,1024,warm,42,19.634
m1_dockerdesktop,process,1024,warm,43,9.157
m1_dockerdesktop,process,1024,warm,44,5.385
m1_dockerdesktop,process,1024,warm,45,4.287
m1_dockerdesktop,process,1024,warm,46,96.784
m1_dockerdesktop,process,1024,warm,47,143.944
m1_dockerdesktop,process,1024,warm,48,15.58
m1_dockerdesktop,process,1024,warm,49,4.934
m1_dockerdesktop,process,1024,warm,50,16.384
m1_dockerdesktop,process,1024,warm,51,5.445
m1_dockerdesktop,process,1024,warm,52,17.333
m1_dockerdesktop,process,1024,warm,53,40.573
m1_dockerdesktop,process,1024,warm,54,14.943
m1_dockerdesktop,process,1024,warm,55,33.596
m1_dockerdesktop,process,1024,warm,56,15.305
m1_dockerdesktop,process,1024,warm,57,102.252
m1_dockerdesktop,process,1024,warm,58,93.718
m1_dockerdesktop,process,1024,warm,59,78.212
m1_dockerdesktop,process,1024,warm,60,7.708
m1_dockerdesktop,process,1024,warm,61,9.208
m1_dockerdesktop,process,1024,warm,62,5.996
m1_dockerdesktop,process,1024,warm,63,4.244
m1_dockerdesktop,process,1024,warm,64,13.875
m1_dockerdesktop,process,1024,warm,65,81.826
m1_dockerdesktop,process,1024,warm,66,103.302
m1_dockerdesktop,process,1024,warm,67,86.04
m1_dockerdesktop,process,1024,warm,68,18.687
m1_dockerdesktop,process,1024,warm,69,163.72
m1_dockerdesktop,process,1024,warm,70,130.881
m1_dockerdesktop,process,1024,warm,71,60.739
m1_dockerdesktop,process,1024,warm,72,13.613
m1_dockerdesktop,process,1024,warm,73,13.494
m1_dockerdesktop,process,1024,warm,74,47.39
m1_dockerdesktop,process,1024,warm,75,32.935
m1_dockerdesktop,process,1024,warm,76,88.009
m1_dockerdesktop,process,1024,warm,77,108.489
m1_dockerdesktop,process,1024,warm,78,29.949
m1_dockerdesktop,process,1024,warm,79,59.869
m1_dockerdesktop,process,1024,warm,80,43.088
m1_dockerdesktop,process,1024,warm,81,48.129
m1_dockerdesktop,process,1024,warm,82,106.976
m1_dockerdesktop,process,1024,warm,83,136.973
m1_dockerdesktop,process,1024,warm,84,155.667
m1_dockerdesktop,process,1024,warm,85,7.314
m1_dockerdesktop,process,1024,warm,86,4.072
m1_dockerdesktop,process,1024,warm,87,4.852
m1_dockerdesktop,process,1024,warm,88,4.294
m1_dockerdesktop,process,1024,warm,89,5.525
m1_dockerdesktop,process,1024,warm,90,6.427
m1_dockerdesktop,process,1024,warm,91,5.887
m1_dockerdesktop,process,1024,warm,92,4.114
m1_dockerdesktop,process,1024,warm,93,7.919
m1_dockerdesktop,process,1024,warm,94,3.995
m1_dockerdesktop,process,1024,warm,95,3.671
m1_dockerdesktop,process,1024,warm,96,6.976
m1_dockerdesktop,process,1024,warm,97,83.215
m1_dockerdesktop,process,1024,warm,98,16.288
m1_dockerdesktop,process,1024,warm,99,8.185
m1_dockerdesktop,container,1,cold_start,0,1361.636
m1_dockerdesktop,container,1,cold_start,1,1729.405
m1_dockerdesktop,container,1,cold_start,2,1378.042
m1_dockerdesktop,container,1,cold_start,3,1337.94
m1_dockerdesktop,container,1,cold_start,4,1343.457
m1_dockerdesktop,container,1,cold_start,5,1368.222
m1_dockerdesktop,container,1,cold_start,6,1294.888
m1_dockerdesktop,container,1,cold_start,7,1366.251
m1_dockerdesktop,container,1,cold_start,8,1387.797
m1_dockerdesktop,container,1,cold_start,9,1351.533
m1_dockerdesktop,container,1,cold_start,10,1356.226
m1_dockerdesktop,container,1,cold_start,11,1289.406
